[
  {
    "job_id": "fold_meta_angiogenesis_vegfa_02",
    "step": "angiogenesis",
    "gene": "VEGFA",
    "sequence": "AGCCTCTTTCCTGCTAGAGC",
    "pam": "NGG",
    "plddt_mean": 64.16,
    "iptm": 0.34,
    "fraction_disordered": 0.0,
    "has_clash": 0.0,
    "structural_confidence": 0.491,
    "verdict": "PASS",
    "efficacy_proxy": 0.7,
    "safety_score": 1.0,
    "assassin_score": 0.64825
  },
  {
    "job_id": "fold_meta_extravasation_icam1_00",
    "step": "extravasation",
    "gene": "ICAM1",
    "sequence": "AGTTCACTGCAATCTCTGCC",
    "pam": "NGG",
    "plddt_mean": 65.93,
    "iptm": 0.36,
    "fraction_disordered": 0.0,
    "has_clash": 0.0,
    "structural_confidence": 0.51,
    "verdict": "PASS",
    "efficacy_proxy": 0.75,
    "safety_score": 1.0,
    "assassin_score": 0.668355
  },
  {
    "job_id": "fold_meta_micrometastasis_formation_cxcr4_03",
    "step": "micrometastasis_formation",
    "gene": "CXCR4",
    "sequence": "TTTCATTTCCTCACTCTCCC",
    "pam": "NGG",
    "plddt_mean": 66.13,
    "iptm": 0.36,
    "fraction_disordered": 0.0,
    "has_clash": 0.0,
    "structural_confidence": 0.511,
    "verdict": "PASS",
    "efficacy_proxy": 0.7,
    "safety_score": 1.0,
    "assassin_score": 0.64825
  },
  {
    "job_id": "fold_meta_micrometastasis_formation_cxcr4_06",
    "step": "micrometastasis_formation",
    "gene": "CXCR4",
    "sequence": "TTTCATTTCCTCACTCTCCC",
    "pam": "NGG",
    "plddt_mean": 68.97,
    "iptm": 0.38,
    "fraction_disordered": 0.0,
    "has_clash": 0.0,
    "structural_confidence": 0.535,
    "verdict": "PASS",
    "efficacy_proxy": 0.7,
    "safety_score": 1.0,
    "assassin_score": 0.64825
  },
  {
    "job_id": "fold_meta_primary_growth_braf_04",
    "step": "primary_growth",
    "gene": "BRAF",
    "sequence": "ATCCAGACAACTGTTCAAAC",
    "pam": "NGG",
    "plddt_mean": 67.24,
    "iptm": 0.35,
    "fraction_disordered": 0.0,
    "has_clash": 0.0,
    "structural_confidence": 0.511,
    "verdict": "PASS",
    "efficacy_proxy": 0.65,
    "safety_score": 1.0,
    "assassin_score": 0.6285050000000001
  },
  {
    "job_id": "meta_angiogenesis_vegfa_05",
    "step": "angiogenesis",
    "gene": "VEGFA",
    "sequence": "AGCCTCTTTCCTGCTAGAGC",
    "pam": "NGG",
    "plddt_mean": 66.73,
    "iptm": 0.38,
    "fraction_disordered": 0.0,
    "has_clash": 0.0,
    "structural_confidence": 0.524,
    "verdict": "PASS",
    "efficacy_proxy": 0.7,
    "safety_score": 1.0,
    "assassin_score": 0.64825
  },
  {
    "job_id": "meta_extravasation_icam1_01",
    "step": "extravasation",
    "gene": "ICAM1",
    "sequence": "AGTTCACTGCAATCTCTGCC",
    "pam": "NGG",
    "plddt_mean": 65.52,
    "iptm": 0.34,
    "fraction_disordered": 0.0,
    "has_clash": 0.0,
    "structural_confidence": 0.498,
    "verdict": "PASS",
    "efficacy_proxy": 0.75,
    "safety_score": 1.0,
    "assassin_score": 0.668355
  },
  {
    "job_id": "meta_intravasation_mmp2_07",
    "step": "intravasation",
    "gene": "MMP2",
    "sequence": "ATCCCAGCACTTTGGGAGGC",
    "pam": "NGG",
    "plddt_mean": 65.88,
    "iptm": 0.35,
    "fraction_disordered": 0.0,
    "has_clash": 0.0,
    "structural_confidence": 0.504,
    "verdict": "PASS",
    "efficacy_proxy": 0.65,
    "safety_score": 1.0,
    "assassin_score": 0.6282500000000001
  },
  {
    "job_id": "meta_intravasation_mmp2_08",
    "step": "intravasation",
    "gene": "MMP2",
    "sequence": "ATCCCAGCACTTTGGGAGGC",
    "pam": "NGG",
    "plddt_mean": 62.49,
    "iptm": 0.33,
    "fraction_disordered": 0.0,
    "has_clash": 0.0,
    "structural_confidence": 0.477,
    "verdict": "PASS",
    "efficacy_proxy": 0.65,
    "safety_score": 1.0,
    "assassin_score": 0.6282500000000001
  },
  {
    "job_id": "meta_metastatic_colonization_met_09",
    "step": "colonization",
    "gene": "MET",
    "sequence": "CAATGCTTTCCTATCTATAG",
    "pam": "NGG",
    "plddt_mean": 65.45,
    "iptm": 0.36,
    "fraction_disordered": 0.0,
    "has_clash": 0.0,
    "structural_confidence": 0.507,
    "verdict": "PASS",
    "efficacy_proxy": 0.6,
    "safety_score": 0.8,
    "assassin_score": 0.54825
  },
  {
    "job_id": "meta_local_invasion_twist1_10",
    "step": "local_invasion",
    "gene": "TWIST1",
    "sequence": "ATATTTGTCCCATTTACTGA",
    "pam": "NGG",
    "plddt_mean": 67.88,
    "iptm": 0.38,
    "fraction_disordered": 0.0,
    "has_clash": 0.0,
    "structural_confidence": 0.529,
    "verdict": "PASS",
    "efficacy_proxy": 0.55,
    "safety_score": 0.6,
    "assassin_score": 0.46825
  },
  {
    "job_id": "meta_local_invasion_twist1_11",
    "step": "local_invasion",
    "gene": "TWIST1",
    "sequence": "ATATTTGTCCCATTTACTGA",
    "pam": "NGG",
    "plddt_mean": 63.82,
    "iptm": 0.36,
    "fraction_disordered": 0.0,
    "has_clash": 0.0,
    "structural_confidence": 0.499,
    "verdict": "PASS",
    "efficacy_proxy": 0.55,
    "safety_score": 0.6,
    "assassin_score": 0.46825
  },
  {
    "job_id": "meta_survival_in_circulation_bcl2_12",
    "step": "circulation",
    "gene": "BCL2",
    "sequence": "CGGAGAGCGGCGGGCGGGAG",
    "pam": "NGG",
    "plddt_mean": 63.04,
    "iptm": 0.35,
    "fraction_disordered": 0.0,
    "has_clash": 0.0,
    "structural_confidence": 0.49,
    "verdict": "PASS",
    "efficacy_proxy": 0.4,
    "safety_score": 0.6,
    "assassin_score": 0.40825
  },
  {
    "job_id": "meta_survival_in_circulation_bcl2_13",
    "step": "circulation",
    "gene": "BCL2",
    "sequence": "CGGAGAGCGGCGGGCGGGAG",
    "pam": "NGG",
    "plddt_mean": 63.84,
    "iptm": 0.35,
    "fraction_disordered": 0.0,
    "has_clash": 0.0,
    "structural_confidence": 0.494,
    "verdict": "PASS",
    "efficacy_proxy": 0.4,
    "safety_score": 0.6,
    "assassin_score": 0.40825
  },
  {
    "job_id": "meta_primary_growth_braf_14",
    "step": "primary_growth",
    "gene": "BRAF",
    "sequence": "ATCCAGACAACTGTTCAAAC",
    "pam": "NGG",
    "plddt_mean": 67.36,
    "iptm": 0.37,
    "fraction_disordered": 0.0,
    "has_clash": 0.0,
    "structural_confidence": 0.522,
    "verdict": "PASS",
    "efficacy_proxy": 0.65,
    "safety_score": 1.0,
    "assassin_score": 0.6285050000000001
  }
]